{
  "hists" : [ {
    "key" : "7caa9926-d555-4bd8-b80b-a8be305dab06",
    "result" : null,
    "assertBdy" : true,
    "cause" : null,
    "request" : {
      "url" : "http://127.0.0.1:8080/users",
      "method" : "GET",
      "body" : "",
      "date" : "2017-11-15 13:51:27.989",
      "headers" : {
        "Content-Type" : "application/json; charset=UTF-8",
        "Accept" : "application/json"
      },
      "cookies" : { }
    },
    "response" : {
      "body" : "{\"instance\":null,\"instances\":[],\"code\":0,\"msg\":\"success\"}",
      "headers" : {
        "Date" : "Wed, 15 Nov 2017 05:51:29 GMT",
        "Transfer-Encoding" : "chunked",
        "Content-Type" : "application/json;charset=UTF-8"
      },
      "date" : "2017-11-15 13:51:28.363",
      "time" : 749,
      "status" : "HTTP/1.1 200 ",
      "statusCode" : 200,
      "raw_text" : "== REQUEST  ==\r\n\r\nGET http://127.0.0.1:8080/users\r\n\r\n-- HEADERS  --\r\nContent-Type : application/json; charset=UTF-8\r\nAccept : application/json\r\n\r\n== RESPONSE ==\r\n\r\nHTTP/1.1 200 \r\n\r\n-- HEADERS  --\r\nDate : Wed, 15 Nov 2017 05:51:29 GMT\r\nTransfer-Encoding : chunked\r\nContent-Type : application/json;charset=UTF-8\r\n\r\n--   BODY   --\r\n{\"instance\":null,\"instances\":[],\"code\":0,\"msg\":\"success\"}\r\n"
    }
  }, {
    "key" : "b3980bc7-11a1-459d-80ff-ce30193f3a92",
    "result" : null,
    "assertBdy" : true,
    "cause" : null,
    "request" : {
      "url" : "http://127.0.0.1:8080/users",
      "method" : "POST",
      "body" : "{\n  \"userName\": \"dom\",\n  \"password\": \"dom@1201\",\n  \"email\": \"dom@witpool.org\",\n  \"cellPhone\": \"1234567890\"\n}",
      "date" : "2017-11-15 13:51:37.941",
      "headers" : {
        "Content-Type" : "application/json; charset=UTF-8",
        "Accept" : "application/json"
      },
      "cookies" : { }
    },
    "response" : {
      "body" : "{\"instance\":{\"userId\":1,\"userName\":\"dom\",\"password\":\"dom@1201\",\"email\":\"dom@witpool.org\",\"cellPhone\":\"1234567890\"},\"instances\":null,\"code\":0,\"msg\":\"success\"}",
      "headers" : {
        "Date" : "Wed, 15 Nov 2017 05:51:38 GMT",
        "Transfer-Encoding" : "chunked",
        "Content-Type" : "application/json;charset=UTF-8"
      },
      "date" : "2017-11-15 13:51:37.941",
      "time" : 203,
      "status" : "HTTP/1.1 200 ",
      "statusCode" : 200,
      "raw_text" : "== REQUEST  ==\r\n\r\nPOST http://127.0.0.1:8080/users\r\n\r\n-- HEADERS  --\r\nContent-Type : application/json; charset=UTF-8\r\nAccept : application/json\r\n\r\n--   BODY   --\r\n{\n  \"userName\": \"dom\",\n  \"password\": \"dom@1201\",\n  \"email\": \"dom@witpool.org\",\n  \"cellPhone\": \"1234567890\"\n}\r\n\r\n== RESPONSE ==\r\n\r\nHTTP/1.1 200 \r\n\r\n-- HEADERS  --\r\nDate : Wed, 15 Nov 2017 05:51:38 GMT\r\nTransfer-Encoding : chunked\r\nContent-Type : application/json;charset=UTF-8\r\n\r\n--   BODY   --\r\n{\"instance\":{\"userId\":1,\"userName\":\"dom\",\"password\":\"dom@1201\",\"email\":\"dom@witpool.org\",\"cellPhone\":\"1234567890\"},\"instances\":null,\"code\":0,\"msg\":\"success\"}\r\n"
    }
  }, {
    "key" : "256683d0-5337-4efd-a740-ed02f53def4f",
    "result" : null,
    "assertBdy" : true,
    "cause" : null,
    "request" : {
      "url" : "http://127.0.0.1:8080/users",
      "method" : "PUT",
      "body" : "{\n  \"userId\": 1,\n  \"userName\": \"dom\",\n  \"password\": \"dom@update123\",\n  \"email\": \"domupdate@witpool.org\",\n  \"cellPhone\": \"11111111111\"\n}",
      "date" : "2017-11-15 13:52:30.498",
      "headers" : {
        "Content-Type" : "application/json; charset=UTF-8",
        "Accept" : "application/json"
      },
      "cookies" : { }
    },
    "response" : {
      "body" : "{\"instance\":{\"userId\":1,\"userName\":\"dom\",\"password\":\"dom@update123\",\"email\":\"domupdate@witpool.org\",\"cellPhone\":\"11111111111\"},\"instances\":null,\"code\":0,\"msg\":\"success\"}",
      "headers" : {
        "Date" : "Wed, 15 Nov 2017 05:52:30 GMT",
        "Transfer-Encoding" : "chunked",
        "Content-Type" : "application/json;charset=UTF-8"
      },
      "date" : "2017-11-15 13:52:30.498",
      "time" : 94,
      "status" : "HTTP/1.1 200 ",
      "statusCode" : 200,
      "raw_text" : "== REQUEST  ==\r\n\r\nPUT http://127.0.0.1:8080/users\r\n\r\n-- HEADERS  --\r\nContent-Type : application/json; charset=UTF-8\r\nAccept : application/json\r\n\r\n--   BODY   --\r\n{\n  \"userId\": 1,\n  \"userName\": \"dom\",\n  \"password\": \"dom@update123\",\n  \"email\": \"domupdate@witpool.org\",\n  \"cellPhone\": \"11111111111\"\n}\r\n\r\n== RESPONSE ==\r\n\r\nHTTP/1.1 200 \r\n\r\n-- HEADERS  --\r\nDate : Wed, 15 Nov 2017 05:52:30 GMT\r\nTransfer-Encoding : chunked\r\nContent-Type : application/json;charset=UTF-8\r\n\r\n--   BODY   --\r\n{\"instance\":{\"userId\":1,\"userName\":\"dom\",\"password\":\"dom@update123\",\"email\":\"domupdate@witpool.org\",\"cellPhone\":\"11111111111\"},\"instances\":null,\"code\":0,\"msg\":\"success\"}\r\n"
    }
  }, {
    "key" : "47a98d39-2b22-448b-93c0-6514765fe2ac",
    "result" : null,
    "assertBdy" : true,
    "cause" : null,
    "request" : {
      "url" : "http://127.0.0.1:8080/users/1",
      "method" : "GET",
      "body" : "",
      "date" : "2017-11-15 13:52:41.324",
      "headers" : {
        "Content-Type" : "application/json; charset=UTF-8",
        "Accept" : "application/json"
      },
      "cookies" : { }
    },
    "response" : {
      "body" : "{\"instance\":{\"userId\":1,\"userName\":\"dom\",\"password\":\"dom@update123\",\"email\":\"domupdate@witpool.org\",\"cellPhone\":\"11111111111\"},\"instances\":null,\"code\":0,\"msg\":\"success\"}",
      "headers" : {
        "Date" : "Wed, 15 Nov 2017 05:52:41 GMT",
        "Transfer-Encoding" : "chunked",
        "Content-Type" : "application/json;charset=UTF-8"
      },
      "date" : "2017-11-15 13:52:41.324",
      "time" : 63,
      "status" : "HTTP/1.1 200 ",
      "statusCode" : 200,
      "raw_text" : "== REQUEST  ==\r\n\r\nGET http://127.0.0.1:8080/users/1\r\n\r\n-- HEADERS  --\r\nContent-Type : application/json; charset=UTF-8\r\nAccept : application/json\r\n\r\n== RESPONSE ==\r\n\r\nHTTP/1.1 200 \r\n\r\n-- HEADERS  --\r\nDate : Wed, 15 Nov 2017 05:52:41 GMT\r\nTransfer-Encoding : chunked\r\nContent-Type : application/json;charset=UTF-8\r\n\r\n--   BODY   --\r\n{\"instance\":{\"userId\":1,\"userName\":\"dom\",\"password\":\"dom@update123\",\"email\":\"domupdate@witpool.org\",\"cellPhone\":\"11111111111\"},\"instances\":null,\"code\":0,\"msg\":\"success\"}\r\n"
    }
  }, {
    "key" : "0b755692-986b-4fed-a427-6c03e8a70198",
    "result" : null,
    "assertBdy" : true,
    "cause" : null,
    "request" : {
      "url" : "http://127.0.0.1:8080/users/5",
      "method" : "POST",
      "body" : "",
      "date" : "2017-11-15 13:52:53.945",
      "headers" : {
        "Content-Type" : "application/json; charset=UTF-8",
        "Accept" : "application/json"
      },
      "cookies" : { }
    },
    "response" : {
      "body" : "{\"instance\":null,\"instances\":[{\"userId\":2,\"userName\":\"wituser0\",\"password\":\"user@120\",\"email\":\"wituser0@witpool.org\",\"cellPhone\":\"1234567890\"},{\"userId\":3,\"userName\":\"wituser1\",\"password\":\"user@121\",\"email\":\"wituser1@witpool.org\",\"cellPhone\":\"1234567891\"},{\"userId\":4,\"userName\":\"wituser2\",\"password\":\"user@122\",\"email\":\"wituser2@witpool.org\",\"cellPhone\":\"1234567892\"},{\"userId\":5,\"userName\":\"wituser3\",\"password\":\"user@123\",\"email\":\"wituser3@witpool.org\",\"cellPhone\":\"1234567893\"},{\"userId\":6,\"userName\":\"wituser4\",\"password\":\"user@124\",\"email\":\"wituser4@witpool.org\",\"cellPhone\":\"1234567894\"}],\"code\":0,\"msg\":\"success\"}",
      "headers" : {
        "Date" : "Wed, 15 Nov 2017 05:52:54 GMT",
        "Transfer-Encoding" : "chunked",
        "Content-Type" : "application/json;charset=UTF-8"
      },
      "date" : "2017-11-15 13:52:53.960",
      "time" : 78,
      "status" : "HTTP/1.1 200 ",
      "statusCode" : 200,
      "raw_text" : "== REQUEST  ==\r\n\r\nPOST http://127.0.0.1:8080/users/5\r\n\r\n-- HEADERS  --\r\nContent-Type : application/json; charset=UTF-8\r\nAccept : application/json\r\n\r\n== RESPONSE ==\r\n\r\nHTTP/1.1 200 \r\n\r\n-- HEADERS  --\r\nDate : Wed, 15 Nov 2017 05:52:54 GMT\r\nTransfer-Encoding : chunked\r\nContent-Type : application/json;charset=UTF-8\r\n\r\n--   BODY   --\r\n{\"instance\":null,\"instances\":[{\"userId\":2,\"userName\":\"wituser0\",\"password\":\"user@120\",\"email\":\"wituser0@witpool.org\",\"cellPhone\":\"1234567890\"},{\"userId\":3,\"userName\":\"wituser1\",\"password\":\"user@121\",\"email\":\"wituser1@witpool.org\",\"cellPhone\":\"1234567891\"},{\"userId\":4,\"userName\":\"wituser2\",\"password\":\"user@122\",\"email\":\"wituser2@witpool.org\",\"cellPhone\":\"1234567892\"},{\"userId\":5,\"userName\":\"wituser3\",\"password\":\"user@123\",\"email\":\"wituser3@witpool.org\",\"cellPhone\":\"1234567893\"},{\"userId\":6,\"userName\":\"wituser4\",\"password\":\"user@124\",\"email\":\"wituser4@witpool.org\",\"cellPhone\":\"1234567894\"}],\"code\":0,\"msg\":\"success\"}\r\n"
    }
  }, {
    "key" : "5e626b6f-5fc1-475b-857f-14b2e81901b9",
    "result" : null,
    "assertBdy" : true,
    "cause" : null,
    "request" : {
      "url" : "http://127.0.0.1:8080/users/4",
      "method" : "GET",
      "body" : "",
      "date" : "2017-11-15 13:53:11.744",
      "headers" : {
        "Content-Type" : "application/json; charset=UTF-8",
        "Accept" : "application/json"
      },
      "cookies" : { }
    },
    "response" : {
      "body" : "{\"instance\":{\"userId\":4,\"userName\":\"wituser2\",\"password\":\"user@122\",\"email\":\"wituser2@witpool.org\",\"cellPhone\":\"1234567892\"},\"instances\":null,\"code\":0,\"msg\":\"success\"}",
      "headers" : {
        "Date" : "Wed, 15 Nov 2017 05:53:11 GMT",
        "Transfer-Encoding" : "chunked",
        "Content-Type" : "application/json;charset=UTF-8"
      },
      "date" : "2017-11-15 13:53:11.760",
      "time" : 47,
      "status" : "HTTP/1.1 200 ",
      "statusCode" : 200,
      "raw_text" : "== REQUEST  ==\r\n\r\nGET http://127.0.0.1:8080/users/4\r\n\r\n-- HEADERS  --\r\nContent-Type : application/json; charset=UTF-8\r\nAccept : application/json\r\n\r\n== RESPONSE ==\r\n\r\nHTTP/1.1 200 \r\n\r\n-- HEADERS  --\r\nDate : Wed, 15 Nov 2017 05:53:11 GMT\r\nTransfer-Encoding : chunked\r\nContent-Type : application/json;charset=UTF-8\r\n\r\n--   BODY   --\r\n{\"instance\":{\"userId\":4,\"userName\":\"wituser2\",\"password\":\"user@122\",\"email\":\"wituser2@witpool.org\",\"cellPhone\":\"1234567892\"},\"instances\":null,\"code\":0,\"msg\":\"success\"}\r\n"
    }
  }, {
    "key" : "059c00f3-3c76-42c9-87dc-dd97767f86ad",
    "result" : null,
    "assertBdy" : true,
    "cause" : null,
    "request" : {
      "url" : "http://127.0.0.1:8080/users/2",
      "method" : "GET",
      "body" : "",
      "date" : "2017-11-15 13:53:19.888",
      "headers" : {
        "Content-Type" : "application/json; charset=UTF-8",
        "Accept" : "application/json"
      },
      "cookies" : { }
    },
    "response" : {
      "body" : "{\"instance\":{\"userId\":2,\"userName\":\"wituser0\",\"password\":\"user@120\",\"email\":\"wituser0@witpool.org\",\"cellPhone\":\"1234567890\"},\"instances\":null,\"code\":0,\"msg\":\"success\"}",
      "headers" : {
        "Date" : "Wed, 15 Nov 2017 05:53:19 GMT",
        "Transfer-Encoding" : "chunked",
        "Content-Type" : "application/json;charset=UTF-8"
      },
      "date" : "2017-11-15 13:53:19.903",
      "time" : 47,
      "status" : "HTTP/1.1 200 ",
      "statusCode" : 200,
      "raw_text" : "== REQUEST  ==\r\n\r\nGET http://127.0.0.1:8080/users/2\r\n\r\n-- HEADERS  --\r\nContent-Type : application/json; charset=UTF-8\r\nAccept : application/json\r\n\r\n== RESPONSE ==\r\n\r\nHTTP/1.1 200 \r\n\r\n-- HEADERS  --\r\nDate : Wed, 15 Nov 2017 05:53:19 GMT\r\nTransfer-Encoding : chunked\r\nContent-Type : application/json;charset=UTF-8\r\n\r\n--   BODY   --\r\n{\"instance\":{\"userId\":2,\"userName\":\"wituser0\",\"password\":\"user@120\",\"email\":\"wituser0@witpool.org\",\"cellPhone\":\"1234567890\"},\"instances\":null,\"code\":0,\"msg\":\"success\"}\r\n"
    }
  }, {
    "key" : "1a704cfa-c621-45b3-8b63-e153bad61c60",
    "result" : null,
    "assertBdy" : true,
    "cause" : null,
    "request" : {
      "url" : "http://127.0.0.1:8080/users/2",
      "method" : "DELETE",
      "body" : "",
      "date" : "2017-11-15 13:53:28.951",
      "headers" : {
        "Content-Type" : "application/json; charset=UTF-8",
        "Accept" : "application/json"
      },
      "cookies" : { }
    },
    "response" : {
      "body" : "{\"instance\":null,\"instances\":null,\"code\":0,\"msg\":\"success\"}",
      "headers" : {
        "Date" : "Wed, 15 Nov 2017 05:53:29 GMT",
        "Transfer-Encoding" : "chunked",
        "Content-Type" : "application/json;charset=UTF-8"
      },
      "date" : "2017-11-15 13:53:28.951",
      "time" : 63,
      "status" : "HTTP/1.1 200 ",
      "statusCode" : 200,
      "raw_text" : "== REQUEST  ==\r\n\r\nDELETE http://127.0.0.1:8080/users/2\r\n\r\n-- HEADERS  --\r\nContent-Type : application/json; charset=UTF-8\r\nAccept : application/json\r\n\r\n== RESPONSE ==\r\n\r\nHTTP/1.1 200 \r\n\r\n-- HEADERS  --\r\nDate : Wed, 15 Nov 2017 05:53:29 GMT\r\nTransfer-Encoding : chunked\r\nContent-Type : application/json;charset=UTF-8\r\n\r\n--   BODY   --\r\n{\"instance\":null,\"instances\":null,\"code\":0,\"msg\":\"success\"}\r\n"
    }
  }, {
    "key" : "84262f77-4d2e-43ad-8c5d-b8225e72421f",
    "result" : null,
    "assertBdy" : true,
    "cause" : null,
    "request" : {
      "url" : "http://127.0.0.1:8080/users/2",
      "method" : "GET",
      "body" : "",
      "date" : "2017-11-15 13:53:37.017",
      "headers" : {
        "Content-Type" : "application/json; charset=UTF-8",
        "Accept" : "application/json"
      },
      "cookies" : { }
    },
    "response" : {
      "body" : "{\"instance\":null,\"instances\":null,\"code\":0,\"msg\":\"success\"}",
      "headers" : {
        "Date" : "Wed, 15 Nov 2017 05:53:37 GMT",
        "Transfer-Encoding" : "chunked",
        "Content-Type" : "application/json;charset=UTF-8"
      },
      "date" : "2017-11-15 13:53:37.017",
      "time" : 47,
      "status" : "HTTP/1.1 200 ",
      "statusCode" : 200,
      "raw_text" : "== REQUEST  ==\r\n\r\nGET http://127.0.0.1:8080/users/2\r\n\r\n-- HEADERS  --\r\nContent-Type : application/json; charset=UTF-8\r\nAccept : application/json\r\n\r\n== RESPONSE ==\r\n\r\nHTTP/1.1 200 \r\n\r\n-- HEADERS  --\r\nDate : Wed, 15 Nov 2017 05:53:37 GMT\r\nTransfer-Encoding : chunked\r\nContent-Type : application/json;charset=UTF-8\r\n\r\n--   BODY   --\r\n{\"instance\":null,\"instances\":null,\"code\":0,\"msg\":\"success\"}\r\n"
    }
  }, {
    "key" : "91fabba6-134d-48ca-a522-1cafa5e39cc4",
    "result" : null,
    "assertBdy" : true,
    "cause" : null,
    "request" : {
      "url" : "http://127.0.0.1:8080/users",
      "method" : "GET",
      "body" : "",
      "date" : "2017-11-15 13:53:46.877",
      "headers" : {
        "Content-Type" : "application/json; charset=UTF-8",
        "Accept" : "application/json"
      },
      "cookies" : { }
    },
    "response" : {
      "body" : "{\"instance\":null,\"instances\":[{\"userId\":1,\"userName\":\"dom\",\"password\":\"dom@update123\",\"email\":\"domupdate@witpool.org\",\"cellPhone\":\"11111111111\"},{\"userId\":3,\"userName\":\"wituser1\",\"password\":\"user@121\",\"email\":\"wituser1@witpool.org\",\"cellPhone\":\"1234567891\"},{\"userId\":4,\"userName\":\"wituser2\",\"password\":\"user@122\",\"email\":\"wituser2@witpool.org\",\"cellPhone\":\"1234567892\"},{\"userId\":5,\"userName\":\"wituser3\",\"password\":\"user@123\",\"email\":\"wituser3@witpool.org\",\"cellPhone\":\"1234567893\"},{\"userId\":6,\"userName\":\"wituser4\",\"password\":\"user@124\",\"email\":\"wituser4@witpool.org\",\"cellPhone\":\"1234567894\"}],\"code\":0,\"msg\":\"success\"}",
      "headers" : {
        "Date" : "Wed, 15 Nov 2017 05:53:46 GMT",
        "Transfer-Encoding" : "chunked",
        "Content-Type" : "application/json;charset=UTF-8"
      },
      "date" : "2017-11-15 13:53:46.877",
      "time" : 46,
      "status" : "HTTP/1.1 200 ",
      "statusCode" : 200,
      "raw_text" : "== REQUEST  ==\r\n\r\nGET http://127.0.0.1:8080/users\r\n\r\n-- HEADERS  --\r\nContent-Type : application/json; charset=UTF-8\r\nAccept : application/json\r\n\r\n== RESPONSE ==\r\n\r\nHTTP/1.1 200 \r\n\r\n-- HEADERS  --\r\nDate : Wed, 15 Nov 2017 05:53:46 GMT\r\nTransfer-Encoding : chunked\r\nContent-Type : application/json;charset=UTF-8\r\n\r\n--   BODY   --\r\n{\"instance\":null,\"instances\":[{\"userId\":1,\"userName\":\"dom\",\"password\":\"dom@update123\",\"email\":\"domupdate@witpool.org\",\"cellPhone\":\"11111111111\"},{\"userId\":3,\"userName\":\"wituser1\",\"password\":\"user@121\",\"email\":\"wituser1@witpool.org\",\"cellPhone\":\"1234567891\"},{\"userId\":4,\"userName\":\"wituser2\",\"password\":\"user@122\",\"email\":\"wituser2@witpool.org\",\"cellPhone\":\"1234567892\"},{\"userId\":5,\"userName\":\"wituser3\",\"password\":\"user@123\",\"email\":\"wituser3@witpool.org\",\"cellPhone\":\"1234567893\"},{\"userId\":6,\"userName\":\"wituser4\",\"password\":\"user@124\",\"email\":\"wituser4@witpool.org\",\"cellPhone\":\"1234567894\"}],\"code\":0,\"msg\":\"success\"}\r\n"
    }
  } ]
}